Status,Is adult?,First Name,Last Name,Full Name,Visits
,Yes,,,,21669
Married,,Angelina,Flatley,Angelina Flatley,971
Married,,Dorothy,O'Hara,Dorothy O'Hara,956
Married,,Dalton,Howell,Dalton Howell,936
Married,,Assunta,Kuhn,Assunta Kuhn,928
Single,,Werner,Pacocha,Werner Pacocha,902
Married,,Johnny,Trantow,Johnny Trantow,896
Single,,Maverick,Rogahn,Maverick Rogahn,817
Single,,Ollie,Treutel,Ollie Treutel,785
Single,,Jayson,Hettinger,Jayson Hettinger,707
Married,,Neal,Pollich,Neal Pollich,689
Married,,Lyric,Gottlieb,Lyric Gottlieb,676
Single,,Bettye,Bogan,Bettye Bogan,665
Married,,Daren,Pouros,Daren Pouros,650
Married,,Gust,Lind,Gust Lind,649
Married,,Mittie,Krajcik,Mittie Krajcik,597
Single,,Hermann,Schuppe,Hermann Schuppe,571
Single,,Landen,Bailey,Landen Bailey,559
Married,,Ebba,Tillman,Ebba Tillman,545
Married,,Vernon,Runolfsson-Stark,Vernon Runolfsson-Stark,544
Single,,Arnoldo,Williamson,Arnoldo Williamson,541
Married,,Ernestine,Hettinger,Ernestine Hettinger,526
Single,,Morris,O'Conner,Morris O'Conner,479
Single,,Dane,Jaskolski,Dane Jaskolski,469
Single,,Domingo,Greenholt,Domingo Greenholt,458
Single,,Paris,Kuhic,Paris Kuhic,455
Married,,Kiarra,Hansen,Kiarra Hansen,445
Married,,Madalyn,Lynch,Madalyn Lynch,362
Single,,Shaniya,Schmidt,Shaniya Schmidt,350
Single,,Garett,Ortiz,Garett Ortiz,340
Married,,Janie,Quigley,Janie Quigley,340
Single,,Rosemary,Bode,Rosemary Bode,308
Married,,Karlee,Sauer,Karlee Sauer,307
Married,,Kathryne,Quigley,Kathryne Quigley,291
Married,,Destini,Johns,Destini Johns,284
Single,,Sabina,McGlynn,Sabina McGlynn,284
Married,,Harry,Beatty,Harry Beatty,210
Single,,Rhianna,Feest,Rhianna Feest,203
Married,,Annalise,Bins,Annalise Bins,199
Single,,Rodolfo,Dach-Zboncak,Rodolfo Dach-Zboncak,158
Married,,Matilde,Kiehn,Matilde Kiehn,157
Single,,Kelley,Waelchi,Kelley Waelchi,95
Married,,Rosario,Hodkiewicz,Rosario Hodkiewicz,93
Single,,Colleen,Larkin,Colleen Larkin,88
Single,,Cyril,Dare,Cyril Dare,74
Married,,Hoyt,Bernier,Hoyt Bernier,58
Married,,Brain,Durgan,Brain Durgan,52
,No,,,,1559
Single,,Camryn,Bradtke-Pouros,Camryn Bradtke-Pouros,752
Married,,Ike,Bartell,Ike Bartell,457
Single,,Duane,Klocko,Duane Klocko,206
Single,,Simone,Nikolaus,Simone Nikolaus,144